评论者,评分等级,评论日期,点赞数,评论内容
鬼腳七,还行,2021-07-09,6928,现在的主旋律已经本质上不是电影了，专题片式情景再现+电影工业级投入，讨论它的剧作表演调度都是无用的，应该用报告文学的标准来看这种作品。
vickey,还行,2021-07-07,2819,非常主旋律，前半段疫情刚爆发的时候，很紧张，后半段就有点刻意煽情，喊口号了。
aaammm,力荐,2021-07-07,2136,周围座位啜泣声一片。被朱亚文老师圈粉了。 易烊千玺不愧是新生代好演员。  推荐，值得和家人一起观看。
叫我阿圆,还行,2021-07-07,3066,唯一泪点：子枫哽咽着叫了一声叔叔
Sakura,还行,2021-07-08,5139,导演应该感谢张涵予、袁泉、朱亚文等一众实力派演员，不然凭剧情和节奏，恐怕有不少差评。
聆听,还行,2021-07-09,2715,张子枫牛逼，从她那开始哭死
春卷,推荐,2021-07-09,3572,就很魔幻，疫情还没完全结束，但是看屏幕里的一幕幕，好像是上个世纪的事。
哈利波波茶,力荐,2021-07-06,1261,看完了北京场的中国医生首映，不完全统计哭了十次吧🙏全场啜泣声不断。在医疗场面方面的专业度是无可挑剔的，选的片段也非常具有代表性，或多或少都来源于大家当时亲身经历或通过社交媒体了解到的事件，所以很有触动感。对女性医护人员的刻画好评👍张涵予、袁泉、朱亚文都贡献了高光演技。易烊千玺的角色非常俏皮可爱，最后又让人心生怜爱，以后可以考虑发展一下喜剧，有的桥段身边很多人忍不住乐了，难得的轻松时刻。
长欢,推荐,2021-07-09,2057,零点场看完骑着单车慢悠悠的回家，夜色真美。谢谢你们。但感动更多源于现实本身，而非电影。部分剪辑甚至略显反感了。
已注￳,还行,2021-07-09,2049,刘伟强拍主旋律真是太套路化了
凤梨罐头,还行,2021-07-08,4,"中规中矩地拍了所有中国人都该看的故事，很难不落泪数次，张院长和陶医生最饱满立体，太喜欢张涵予演戏很诚恳的感觉了，朱亚文处理骄傲和挫败之间的差距感很好看。还有值得夸的是男女角色数量和性格表现相当，袁泉冯文娟为首的女医护人员 同样出彩，尤其歌颂了无名小护士很感动。所有明星基本都素颜加防护镜痕迹，还有冯绍峰张颂文张嘉倪我都没看到出镜的加盟，大家都挺棒的。第一次get易烊千玺，最快给我医生的感觉，表达也很有自己的性格。
说两点不太喜欢的，一个是配乐没有层次感，像颁一项项感动中国时一次次响起音乐。二是金仔和妻子应该赋予更多能担得起那么多煽情笔墨的设定或者说人格高光点，欧豪在刘伟强的电影里一如既往的表现可圈可点这歌外卖员真的方言演啊会好很多。"
-@,还行,2021-07-10,1338,没有故事主线，因为本来题材不犯错误就会很感人了，但是它作为一部电影我真的只能给及格，这只能算是武汉紧急情况大拼盘吧....
道砥,还行,2021-07-04,1232,6.5/10。看的时候很多次忍不住流泪，本来想给7，但想想这种题材，看纪录片和新闻也会哭得稀里哗啦，从电影的角度其实乏善可陈。一流的演员，二流的剧本，三流的剪辑，四流的配乐。补一句，朱亚文的角色，编剧赏光+演员优秀，出彩。
不甜的粥,还行,2021-07-11,639,看这个还不如多看看纪录片……上映第一天跑去看的结果好失望……
Cheshire_Zhang,还行,2021-07-09,629,三星给火神山、雷神山、金银潭等各医院。不知道是不是编剧的问题，很多人物缺乏他本身身份应有的理性
匿夏,还行,2021-07-10,494,有一说一，电影拍得挺一般的。。。里面有几位演技都挺不错，虽然我也看哭了，但是感觉电影节奏没把握好。。。
不知道叫什么,推荐,2021-07-09,1792,这种题材很难不让人流泪，张涵予，袁泉真的是定海神针，朱亚文，千玺两个人的出现让沉重的气氛有了一丝轻松，疫情已经过去很久了，有些画面好像在被慢慢忘记……感谢所有为疫情付出的人，医护，警察，志愿者，社区工作者，经历封城的武汉人民乃至全国人民
昆汀,还行,2021-07-11,327,和现实紊乱，春秋笔法歌功颂德，过度拔高医生形象，教育意味的台词太多，只能说是不错的宣传片。
饭瓜不饭花,还行,2021-07-09,376,周也欧豪这对后面的戏份完全没必要 朱亚文完全就是古惑仔 不会粤语可以不讲 不是所有广东来的医生都会讲粤语 角色塑造的很失败 三星还是给真实为新冠付出的中国医生面子 看很多纪录片 所以对着片子还是蛮失望 袁泉还是演的不错的
干饭嬌,还行,2021-07-11,262,电影拍的真的很一般，但我还是几次落泪，完全是因为这个题材和真实的故事。
为所欲为,推荐,2021-07-07,1510,袁泉值得一个影后，张子枫简直绝了，未来不可估量！
加油,力荐,2021-07-09,799,“一个人如果没有了爸爸妈妈该怎么办”
deepsnow,推荐,2021-07-07,816,张涵予和袁泉演真好，朱亚文的角色立体感不错。或许这一页翻过去了，但历史和时代的英雄永远值得我们铭记。
懒鱼米,力荐,2021-07-09,1398,看到快递老赵语音的时候哭了，张子枫问出问题的时候哭了，我玺躺在病床上我就忍不住哭了，最后我玺术前说话也哭了。为我玺演技越来越成熟感到骄傲，感谢为这场疫情付出的所有人！
emperorK,力荐,2021-07-06,603,让人相信是这个故事最不易的一点，这部片做到了。节奏情绪细节的把控都很好。大群像还能做出人物了不起。朱亚文的广州医生非常可爱，和李晨的上海医生莫名有cp感。易烊千玺张子枫real小年轻里掌握接力棒的种子选手。
才不是江湖骗子螂,力荐,2021-07-06,458,在尽可能真实的基础上，拍出了感动，全剧飙泪很多。张子枫的演技太扎实了，朱亚文这次角色很吸睛，欧豪那段故事后期过于煽情，让我先前哭完的情绪有些无处安放…
(Monsoon)²,推荐,2021-07-09,727,张小枫拿着爸妈的遗物，对医生说:“没有爸爸妈妈的人该怎么办？”瞬间破防。电影里还有很多催泪的场景，对积压了很久的人来说是个不错的释压方式。很庆幸，我们都走出了困境。
Jack,力荐,2021-07-09,589,太好看了，感动，张涵予袁泉朱亚文千玺都是演技派
某个小王,还行,2021-07-09,385,致敬医护人员，但电影比较一般
花臂仙子阿猥,还行,2021-07-09,170,涉及医疗-抢救的部分能看，剩下的就……
小透明,还行,2021-07-09,210,几个重要转折点拍的不是很好
狗焕爱德善,推荐,2021-07-06,266,中国机长几个主演几乎平移过来。主旋律背景下，不能太惨烈，所以这种记录的程度还可以。另外，袁泉演技真好。
瑜不可及,力荐,2021-07-09,372,张涵予老师演的太像了 每个动作。 朱亚文易洋千玺的可爱。方舱里放的火红的萨日朗直戳我心！这部电影值得
美食加,力荐,2021-07-09,414,上海提前观影场。 两个多小时的电影，哭了半包纸，一些场景和细节（不论是单个角色的还是群像）很容易让经历过全民战疫的人共情。整体节奏较紧凑，基本没啥尿点。张涵予袁泉朱亚文易烊千玺欧豪都表现很棒 演技厉害。 感动！致敬所有医护人员和英雄城市的每一个人！
喜多,推荐,2021-07-09,225,演员们演技在线～且手术场景非常真，没有严重bug，非常难得～同为医务工作者必须支持！来自看不见的科室——检验科～虽然本电影只有提到了医生护士，但承担核酸检测的检验科也通过这次疫情而被大家知道～2020年初疫情以来，全国的医务工作者做出了巨大的贡献，全国人民更是积极响应号召，14亿人为全世界做出了榜样！
鲜肉兄,力荐,2021-07-09,211,没有一味地歌颂，而是用鲜血和疼痛撕扯着观众的心。我们看到，畏手畏脚不敢插管的年轻大夫惨遭斥责，因为治疗方法产生分歧院长拍案而起，在床位大战中挺身而出保护同事的女大夫吼叫着“我会救你，也会找你算账”，我知道这些是九牛一毛、沧海一粟，真实的抗疫会比剧情惨烈千倍万倍。最感动我的，是同意亲属遗体解剖的小哥哥，他用哭腔说“小时候生病时，爸爸妈妈都是把我送到爷爷奶奶那里”，因为经历相似，所以我瞬间泪崩。正如医生所言——“疫情总会过去，日子还要过下去” 。疫情不会摧毁我们，只要充满信念，中国人永远不会倒下。
踏翩翩,推荐,2021-07-09,210,"谨以此片感谢白衣战士们的牺牲和奉献！也怀念我独在上海的沙发上躺过去的2月和3月。

张子枫贡献了本片最大的催泪弹，全场炸哭了一大半。"
瑞克等58人,力荐,2021-07-06,239,感人至深，催人泪下。戳泪点的情节很多，印象最深的是子枫妹妹出场的几分钟，太好哭了！向医护人员致敬！主创团队真的很强
der意的笑,力荐,2021-07-09,200,这种影片煽情是避免不了的，但让我骄傲的是影片中的故事和人物都是现实生活中真正发生和存在的，除了结尾有点拖沓，整体是可以的，都是好演员，没有特别违和的面孔和演技，朱亚文和易烊千玺贡献了影片的笑点，人物的成长也很明显，欧豪这段后面有点分崩离析，以为他死了结果他还活着~
lisamm,还行,2021-07-10,122,20210709 万象影城（北京丽泽天街杜比影院） 专门来看了杜比影院版本。只能说，演技的差别真的是很明显。另外，这种类型的片子果然还是纪录片最感人，因为都是最真实的记录，相比之下，演技再高超的演员，都展现不了真实纪录片里当时的那种危急时刻和真情
奇卡奇卡咕噜噜,推荐,2021-07-09,202,"今日首映。带着复杂的心情看完。我不敢打五星，因为我觉得电影远远无法表达出当时武汉所经历的。演员们都不错，特别喜欢朱亚文和张涵予，当然还有袁泉。好像又能把人带回到当时的武汉。张子枫饰演的女孩接过父母的遗物时，忍不住想起当时追灵车上热搜的女孩。希望她现在已经走出那段时间。
再回过头来看看，我们中国真的好强大。"
四无鸡蛋,推荐,2021-07-07,163,中国人共同经历过的苦难，生命面前，什么事都是小事。喜欢袁泉的表演。虽然这部电影很主旋律，但它也不仅仅是一个电影。
小龙同学,力荐,2021-07-08,304,虽然已经预感了这会是一部不错的片子，但笔者在提前观看完《中国医生》的点映场次后依然觉得有意料之外的惊喜，除了感动还有感慨。不消说这自然又是一部命题宏大的影片，以小见大，用细节抓人、用角色的代入感打动人是让电影不流于形式的必然出路，《中国医生》在这方面做得更加成熟，刘伟强在节奏的把控上更加张弛有度了，悲痛和振奋，紧张与松弛，感动与苦中作乐等穿插得恰到好处，群像电影看起来行云流水，有记忆点但不拖沓。
爆米花很甜,还行,2021-07-09,149,"故事太叙述的太平了，流水账一般。剪辑节奏把握的不是很好刚有些急救过程正情绪紧张的时候，突然就跳转到一个生活化的场景。唯一感染到我的是张子枫那一分钟的戏份，很有带入感。外卖员小夫妻的戏份虽然从头到尾贯穿，但是演员的演技表达的不够准确…
"
是阿喵呀,力荐,2021-07-09,170,"全程泪目。谢谢你们。
当时情况一定比电影更艰难。
然后我和我老公看完就去填志愿把遗体捐了hhhh"
阿华田麦旋风,力荐,2021-07-09,160,很好看，影片以小见大描绘了疫情初期那种混乱不安的局面，电影节奏把握的也很好，张涵予，袁泉两位演技绝了，展现出了中国医生的那种担当。特别喜欢易烊千玺饰演的杨小羊医生，俏皮可爱，和朱亚文的互动，缓解了影片中紧张的气氛。他从一位啥也不会的住院医慢慢成长起来了，成长线很明显，在他身上可以看出疫情时期医护人员真的很紧缺，很多人年轻医护都毅然决然地踏上战场，在抗疫中慢慢成长起来。在这场无声的战争中，中国医护了不起，中国了不起🇨🇳🇨🇳🇨🇳
biubiubiu,力荐,2021-07-07,133,"⭐️⭐️⭐️⭐️⭐️
影院中的抽泣声此起彼伏，不带纸也请带上朋友，不然泪水和鼻涕往哪里擦？
一起经历过的事总是会更加感同身受，白衣为甲，大义逆行，中国医生、医务工作者真的了不起。亚文老师演技出圈了，易烊千玺也太好哭了😭"
helloeve,力荐,2021-07-09,92,都很好…哭得稀里哗啦 好爱袁泉
剑吹白雪,力荐,2021-07-09,83,张涵予不愧是能把宋江演得你情不自禁喊哥哥的汉子
J,力荐,2021-07-08,111,"哭晕在电影院…哭到呼吸困难，还受电影影响不敢摘口罩。泪点低的谨慎看《中国医生》，心脏受不了。
先说结论，个人觉得比《中国机长》好看，目测这个暑期档的第一个爆款就是这部了。
袁泉和张涵予的演技是真好啊，跟机长的精英感完全不同。张涵予像到让人忘了是他，袁泉拿手机听消息吃饭那段值得拿影后！
观影感受跟去年疫情期间人民群众看新闻差不多，心情不断过山车——前一秒“中国加油”，后一秒“呜呜呜好惨啊”。虽然很多当时的困境没有拍出来，但是影片并没有全程歌颂，很多医生的无奈与不甘，客观条件导致的无能为力都有。"
孔鲤,力荐,2021-07-09,71,《中国医生》是今年目前为止我看过的最好的主旋律，它毫不讳言全民抗疫可以成功是因为医生救死扶伤、人民自觉防控，归根结底是因为有党。影片从头到尾没有提到制度的优越性，但在每一个重要关头，都直接体现了什么叫制度的优越性。全国动员了346支国家医疗队、4.26万名医务人员、900多名公共卫生人员驰援湖北。在最混乱的时候，如何才能把局面稳定下来，迅速把指挥棒交到专业人士手里，让专业人士可以全心全力地只管救死扶伤，这是党的作用。所以，这电影会让哪些人跳脚也是很清楚的。对于这样的人，自然也不用管他们，毕竟他们上了地铁还是会戴上口罩，要出远门还是会去打疫苗。我们就是更好，这一点自信必须有。我们不是因为抗疫成功所以好，而是因为好所以抗疫成功所以我们一定会更好。
睡在地上的阳光,推荐,2021-07-09,138,拍成这样实属不易，感动人的可能更多是经历事件本身的共情吧！张涵予和袁泉两条线最为完整，朱亚文线更为鲜活，但是袁泉的表演更为抓人，拿着喇叭喊话的那段最佳，值得一提的是客串的张子枫，几个镜头就把失去双亲的痛苦表现得精准到位，算是客串的最佳表演。
findanisland,力荐,2021-07-10,65,什么都不说，我现在活着就是千千万万人的努力，感恩。
不是谁的粉,推荐,2021-07-10,113,致敬所有的医护人员，辛苦了。中间有两次泪奔，第一次是子枫妹妹出来那会，太感人了，子枫妹妹演技真的不错。另一次一次就是杨小羊感染躺病床上，我眼泪立马就掉下来了，可能是我接受不了易烊千玺那个状态。这次真的被朱亚文迷倒了，好有味道。
Lin.,力荐,2021-07-06,65,感觉自己和大家一起站在武汉的暴风眼中央，想哭又不敢哭！怕哭湿了口罩会被感染，怕给医生们添麻烦！
胭脂沾染了灰,推荐,2021-07-09,84,哭了。朱亚文的那个医生非常性情中人 ，女性医护工作者刻画很好。
已注销,力荐,2021-07-04,111,满满的感动和震撼，电影很还原，仿佛又回到了那段日子里。张涵予袁泉的演技非常好，很入戏很真实
celestacia,力荐,2021-07-06,60,"重要事情放在最开始说：带纸巾带纸巾带纸巾。差不多130分钟的电影我有100分钟都在哭的程度吧。
能看出用心了，至少把之前某些抗疫剧出现的荒谬问题都避免了。
更像纪录片，发生了什么事情，我们做了什么，遇到了哪些困难，才到达最后的结果。
正视女性，正视同等分量的付出和牺牲。
正视死亡，正视竭尽全力之后的无可奈何。
正视生命，正视不歌颂无谓的冒险和牺牲才是正确的。
正视人性，正视真实的混乱恐慌和无序。
让每个角色成为性格各异的、会发脾气的有血有肉的人。
记录苦难，而不是歌颂它。
当然还有很多应该被记录下来的苦难，但这一部能做到这样已经很好了。"
继芳|翎馨,推荐,2021-07-10,94,"今晚去看，可能会很感动吧！毕竟张文宏医生都说好看，还有我喜欢的袁泉。

——————我是观影分界线—————
看完了，张子枫一两分钟，我哭惨了~
"
格兰芬多,力荐,2021-07-09,90,致敬！感动！我爱我的祖国🇨🇳
芙蕖,还行,2021-07-11,157,"比较一般，总的来说没有特别突出的亮点
有纪录片一般的纪实手法
但多个故事拼凑在一起，显得混乱
每个故事不够深入，是一种群像的表现
没有真正地升华，只是单纯地展示，故而缺少了能深刻地直抵人心的力量

影片开头部分的医生取口罩为什么都是扯的，绳子都断了，不懂这样想表达什么？"
好是发声,力荐,2021-07-09,97,好看～！电影结束的时候，坐我旁边的妹子和我说：感觉我俩全程都在哭QAQ。虽然感觉好像没有她说的辣么夸张，但是这种题材，真的，太好哭了 TAT。每一个亲历过疫情的人，真的，太感同身受了。作为群像电影，虽受时长限制，每个人物描述有限，但相对来说也算是以微知著了。还是比较立体各有特点的，不论是张涵予扮演的院长，袁泉扮演的主治医生，朱亚文、李晨扮演的援鄂医生，千玺扮演的实习医生，麻醉科主任医生，快递员和准妈妈小夫妻，病患们，还有被通知失去父母的女孩……太多人物，细节，事件和感动了。感恩所有白衣天使，所有在疫情中奉献力量的人！你们铸就了历史，创造了奇迹！中国人民万岁！🇨🇳
lucky girl,力荐,2021-07-07,79,本来就是一个眼窝浅的人，这下可好，眼泪泛滥了。经历过那个特殊的时期，再看到那些平凡的又堪称英雄式的瞬间，真的绷不住。电影很用心，一些细节实在戳人。节奏把握的也不错，揪心、温情、感动此起彼伏，能让人沉浸其中。看完还能让人久久回味，那这电影就成了。
阿不,力荐,2021-07-09,57,有点儿纪录片的感觉，莫名戳中泪点～2020年注定难忘，我们经历了一场没有硝烟的战争
GA,较差,2021-07-09,3135,表达逻辑很港产片，双雄、贺年合家欢什么的……试图以点带面是聪明的，但典型什么都想要，什么都要不到，两边不靠（类比前两年的烈火英雄/中国机长果然没错，编剧是同一人
词,力荐,2021-07-08,76,卧槽 ！！出乎意料的好
查令街的航先生,力荐,2021-07-08,63,昨天晚上看的。好哭。
🥳,还行,2021-07-09,132,哭了，感人仅仅因为故事本身是我们亲历过的，中间袁泉听小卖部老赵语音那段，袁泉演的好再加上当初听过这个故事，整个人哭崩了。当作为电影来说，剪辑、配乐、节奏都乱的要死，尤其欧豪跟周也……槽多无口。。。
Cherry燕,还行,2021-07-10,272,可能我更想看到的是电影细节化地讲述中国医生，看完电影没有对疫情中的医生留下很深的印象，剧情有点堆砌的感觉，ppt式的。也不太能get到金仔梦境中那一段是啥想表达啥……不过子枫妹妹的演技可以的，那段表演着实令我感动！整个电影看的时候确实一直鼻子酸酸的，但我觉得这是题材本身带来的，不是导演和编剧的功劳。
刺客,力荐,2021-07-09,51,超过预期
伪文人想摇滚,力荐,2021-07-08,46,牛逼
啸樗,力荐,2021-07-09,64,"8.0
零点场，看的人并不是很多。
这个片子告诉我们主旋律电影我们依旧能拍好。
感谢奋斗在抗疫战线的每一位同志。"
使者际之,力荐,2021-07-12,16,故事很完整，从开始到结束，从一开始的重重困难，到现在的有苗可用。他们用坚守和付出，筑起希望的长城。手法拍摄也不隐晦，比如插管，剖腹产等。都十分专业，情感流露顺其自然，没有强行煽情，强行升华的情节。总体来说是很优秀的抗疫题材的电影。
遥远的他,力荐,2021-07-09,60,"没有刻意煽情，简单平实的叙述。将武汉金银潭医院的全体医护和病患的故事串联在一起，呈现了真实的疫情众生相。能在如此短的时间内完成拍摄与上映，要为全体台前幕后鼓掌。唯一尬点，欧豪弥留那部分有点多余。"
ᵕ᷄≀ ̠ᵕ᷅,力荐,2021-07-14,11,因为疫情初期参与了往湖北捐赠口罩，武汉的一位姑娘说要请我看电影，虽然剧情比不上现实生活的万分之一，但还是从头哭到尾，任何重大社会事件，最受伤的都是老百姓。感谢湖北人民作出的努力，感恩有中国医生！
非主刘,推荐,2021-07-09,73,仿佛回到了那个最艰难的时候，没有刻意煽情，袁泉演技真的不错👍，她有一个单独的镜头拍的很漂亮。但有时感觉音乐多余，还有那俩护士让我很出戏，没搞明白为啥加这几秒，总体不错，值得一看。明年武汉樱花开的时候去看看。
慕子书,推荐,2021-07-09,62,南京首映，致敬所有人的付出。 张子枫未来可期，朱亚文依旧是我喜欢的痞帅！
天坛门口卖豆汁,力荐,2021-07-06,126,"电影中最让我印象深刻的两个场景，一个是文婷听着老赵的语音，流着泪吃完晚饭（我必须感叹一下袁泉太厉害了），另一个是院长通过手机，深情地呼唤着自己的妻子。死别与生离，在疫情期间日复一日地这样上演着。谢谢你们为我们拼过命，让这样的日子永远结束在去年春天。最后想问一下小羊医生，烧鹅好吃不？👀"
樱桃小团子,推荐,2021-07-11,49,"我是一名还没有毕业，正在医院实习的护理专业的学生，一开始我对自己的这份职业真的没有多少认同感，尤其是开始实习后，面对的都是形形色色的病人家属，每天都很累
但看完这部电影，感觉到自己存在的意义，拼尽全力去救活病人的快乐。让我感受到护理存在的价值
从开头到结尾，我一直在哭，很感谢这部电影，为我以后的能够坚守这分职业提供了希望 念想"
🥵,还行,2021-07-10,65,不太会评价电影，影院里有人哭得稀里哗啦很正常，因为这是真实存在过的日子，确实挺感人的，但是有些地方就是莫名其妙的吧，不知道有没有删减过，有几条线更完美就好了。
廾匸,还行,2021-07-09,64,算是个记录片吧 有些感情挺啰嗦的 
turb16,还行,2021-07-18,53,沾了题材的光 看了个片段大杂烩😅
冻柠茶在逃柠檬,还行,2021-07-09,63,其实还蛮好的，感觉有点回避了武汉疫情那时候的特别压抑折磨的气氛。印象比较深的时候文婷主任，坚强睿智勇敢。还有张院长爱人提出要把自己的遗体捐出去做医学解剖，很感人。
仲夏夜,力荐,2021-07-08,49,这是我在真正接触到临床工作后，第一次从更偏向医生的角度看的医疗相关的影视，难免会在看的时候有所挑剔。但是就像张文宏老师讲的一样，它做的很细致，很难挑出什么bug，而且确实拍到了很多精髓的东西。看完最大的感受就是非常感动，子枫妹妹一个回眸我眼前瞬间模糊。电影拍出了很多医务工作者会面临的现实困境，我相信也许医生的职业生涯中会碰到很多迷茫挫折的瞬间，但医生也有着始终不变的信条，就是治病救人。加油哇，中国医生
Longing,力荐,2021-07-12,13,为伟大光荣英雄的中国人民致敬，从来就没什么救世主，感谢这个世界上还有这么一群可爱的中国人🥰
咸咸的土豆片,力荐,2021-07-09,53,不要害怕眼前的黑暗，因为总有人会点亮炬火
爆炸小公举爱你,推荐,2021-07-09,94,多了不想说，我只能说中国医生很了不起。尤其是疫情期间第一线的医生，非常了不起。中国电影人还得努力。
shadow,推荐,2021-07-09,72,泪点低的伤不起，基本满场眼含泪水，仿佛又回到那个春节，大家都不出门，空无一人的马路，只有上班的还在路上，拍的很现实，市民抢病床，打翻东西，相信就是那时人的心态，都想得到床位，赶紧治疗！不仅🈶生，还有死，张子枫的那场哭戏太震撼我了，是啊，很多家庭可能一个人都不剩！四字弟弟，也很棒，还想再看一遍，找找张译！
加菲丢丢,力荐,2021-07-10,29,作为在疫情风暴中心的疫情亲历者，很容易与影片共情。感谢医护工作者！感谢全国人民的援助与支持！感谢国家！
帕尼Tiffany,力荐,2021-07-09,32,有幸在7号抽中了盗梦超前观影名额，尽管去之前做好的准备，还是哭湿了一包纸，医者仁心，电影从疫情还未定性的最初角度开始叙述，将医生的坚持无私奉献和真实的救护现场表现的淋漓尽致，为逆行出征的医生落泪，为经历过至暗时刻的患者落泪，为无偿奉献的志愿者落泪，为英雄城市武汉落泪，电影结尾当屏幕上出现了“武汉重启”“中国加油”几个字，我真实的体会到了在去年疫情期间我没有过的感受和震撼，用生命拯救生命，感谢你和你们，为我们拼过命。
冰镇绿葡萄,力荐,2021-07-09,39,中国🇨🇳🐮！！！
野夫丶,推荐,2021-07-09,50,这是一部很奇怪的电影，演员都带着口罩、穿着厚厚的防护服，你看不到所谓的演技，甚至剧情都是靠新闻推动的，但仍会感动于背后的伟大。看到最后，脑子里全是《武汉日夜》里医生送遗物时不断重复的那句对不起…
张斑斑,力荐,2021-07-12,23,我是武汉经历者 哭死我了
我🐶去哪儿了,推荐,2021-07-09,56,才开场十几分钟就泪流满面，总得来说前半场比后半场好看多了。另外老戏骨就是老戏骨，张涵予牛逼，开场二十多分钟我还在纳闷怎么没有看到他，直到院长不戴眼镜我才发现这不就是嘛，哈哈！里面的年轻演员真的还是要多多努力
小先生,力荐,2021-07-10,36,其实真的是演员们太强了，所以时常，因为某个瞬间而感动。
摇摇七喜,力荐,2021-07-09,94,第一部从头哭到尾的电影，让我不禁感叹：生在中国真好！
Jackie,推荐,2021-07-09,60,港片的剪辑节奏，各种煽情套路。。。但我吃了，好看的。孩子的出生时候，和周边病人的不停死亡，强烈的对比，让我热泪盈眶，希望就在眼前。而且我们知道，我们赢了！最后我家子枫妹妹，一分钟的表演都做到极致。
倾欢僖恋,力荐,2021-07-07,41,"电影从开头就把我们拉到了2020年，那个最难的一年。整部电影看的真的很揪心，中间婴儿出生的那一刻，我眼泪都流出来了。
中国医生，感谢你们为我们拼过命！
致敬每一位英雄！"
呼哇呼哇嘞,力荐,2021-07-10,30,哭死我了(´;︵;`)
千山我独行,还行,2021-07-18,34,袁泉和朱亚文演的不错，张涵予演的院长为什么一定要带一点点方言的口音说话呢？院长夫人的线也没有什么必要吧😓电影没有一条完整的能串起来的角色线，特别是周也和欧豪，戏份又多又尴尬🚬饶了我吧
遥远的他,力荐,2021-07-09,60,"没有刻意煽情，简单平实的叙述。将武汉金银潭医院的全体医护和病患的故事串联在一起，呈现了真实的疫情众生相。能在如此短的时间内完成拍摄与上映，要为全体台前幕后鼓掌。唯一尬点，欧豪弥留那部分有点多余。"
热爱生活了吗,推荐,2021-07-16,20,或许只有武汉知道那场战争到底有多苦
JUICE_SSHIPP,推荐,2021-07-09,25,致敬所有医护工作者 中国人民永远都是最棒的  除了各位演员尤其是张涵予袁泉朱亚文欧豪的精心演绎 我觉得导演的剪辑有点支离破碎之感 片名是中国医生 导演还要构建小人物 流调人员的群像 铺的太大了  外加各种精神意志力的做梦片段 有点不知所云 最后 易烊千玺表演还不错 没有拉胯 那么多明星 最后不看演员表都不知道  
威斯特法伦大黄,推荐,2021-07-09,27,看了今天零点的首映场，感觉有点类似于纪录片中穿插着几个小故事的场景，感觉还好，可能泪点比较高基本没哭，不过有几个场景确实还是很感人，袁泉独自吃饭听小卖部老板语音……张子枫说，没有爸妈的小孩怎么办，还有看一些穿插的新闻镜头的时候。整体来说故事还是比较完整，可以看看。演员表演也基本没啥问题，四字和荷尔蒙带给了本来有点压抑悲伤主题一些快乐。不过有点出戏的就是张涵予动不动骂人的设定感觉不像医生而像军人一样……
的,推荐,2021-07-12,9,哭了一包纸 忍不住。除了有些地方太拖沓和配乐莫名其妙之外其他都挺好的，超出预期。每一个经历过这场疫情的人都会有很强烈的共鸣，有机会想再去武汉看看。杨小羊医生和陶峻医生真的是全剧唯一让我放松的点了，整片时不时掐着你脖子把紧张感窒息感拉到最高，手术血腥镜头直给真的很震撼，我第一次见有点吓到，医生不容易，护士不容易，每一个人都不容易，感谢我善良勇敢的同胞们为这场疫情做出的贡献。
ᵕ᷄≀ ̠ᵕ᷅,力荐,2021-07-14,11,因为疫情初期参与了往湖北捐赠口罩，武汉的一位姑娘说要请我看电影，虽然剧情比不上现实生活的万分之一，但还是从头哭到尾，任何重大社会事件，最受伤的都是老百姓。感谢湖北人民作出的努力，感恩有中国医生！
-VPmJCH,较差,2021-07-25,40,好多新闻能感动到我，但这部电影，我很淡定的看完，边看边想等会儿晚饭吃什么。
天坛门口卖豆汁,力荐,2021-07-06,126,"电影中最让我印象深刻的两个场景，一个是文婷听着老赵的语音，流着泪吃完晚饭（我必须感叹一下袁泉太厉害了），另一个是院长通过手机，深情地呼唤着自己的妻子。死别与生离，在疫情期间日复一日地这样上演着。谢谢你们为我们拼过命，让这样的日子永远结束在去年春天。最后想问一下小羊医生，烧鹅好吃不？👀"
仲夏夜,力荐,2021-07-08,49,这是我在真正接触到临床工作后，第一次从更偏向医生的角度看的医疗相关的影视，难免会在看的时候有所挑剔。但是就像张文宏老师讲的一样，它做的很细致，很难挑出什么bug，而且确实拍到了很多精髓的东西。看完最大的感受就是非常感动，子枫妹妹一个回眸我眼前瞬间模糊。电影拍出了很多医务工作者会面临的现实困境，我相信也许医生的职业生涯中会碰到很多迷茫挫折的瞬间，但医生也有着始终不变的信条，就是治病救人。加油哇，中国医生
Longing,力荐,2021-07-12,13,为伟大光荣英雄的中国人民致敬，从来就没什么救世主，感谢这个世界上还有这么一群可爱的中国人🥰
咸咸的土豆片,力荐,2021-07-09,53,不要害怕眼前的黑暗，因为总有人会点亮炬火
加菲丢丢,力荐,2021-07-10,29,作为在疫情风暴中心的疫情亲历者，很容易与影片共情。感谢医护工作者！感谢全国人民的援助与支持！感谢国家！
帕尼Tiffany,力荐,2021-07-09,32,有幸在7号抽中了盗梦超前观影名额，尽管去之前做好的准备，还是哭湿了一包纸，医者仁心，电影从疫情还未定性的最初角度开始叙述，将医生的坚持无私奉献和真实的救护现场表现的淋漓尽致，为逆行出征的医生落泪，为经历过至暗时刻的患者落泪，为无偿奉献的志愿者落泪，为英雄城市武汉落泪，电影结尾当屏幕上出现了“武汉重启”“中国加油”几个字，我真实的体会到了在去年疫情期间我没有过的感受和震撼，用生命拯救生命，感谢你和你们，为我们拼过命。
冰镇绿葡萄,力荐,2021-07-09,39,中国🇨🇳🐮！！！
张斑斑,力荐,2021-07-12,23,我是武汉经历者 哭死我了
小先生,力荐,2021-07-10,36,其实真的是演员们太强了，所以时常，因为某个瞬间而感动。
佚名风,推荐,2021-07-09,27,电影我感觉拍的过早，因为抗疫纪录片已经足够分量了。武汉太多感人的故事，影片考验的是导演和剧本的功力，然而完成度只是走了过场。或许拍成十集的剧集更加合适，电影我是不推荐看的，但是抗疫精神我是十分赞同的，并且大力发扬。最后用钟南山院士一句话结束：中国疫苗临床无法开展了，因为国内没有病人了！感谢无数仁人志士，是你们冲在最前面，才有现今的安稳现世！
摇摇七喜,力荐,2021-07-09,94,第一部从头哭到尾的电影，让我不禁感叹：生在中国真好！
倾欢僖恋,力荐,2021-07-07,41,"电影从开头就把我们拉到了2020年，那个最难的一年。整部电影看的真的很揪心，中间婴儿出生的那一刻，我眼泪都流出来了。
中国医生，感谢你们为我们拼过命！
致敬每一位英雄！"
呼哇呼哇嘞,力荐,2021-07-10,30,哭死我了(´;︵;`)
假仙女,力荐,2021-07-06,35,武汉胜，中国胜！中国有你们了不起！
Orange,力荐,2021-07-08,35,有幸今天看了一场点映。非常感动，特别是看到大家苦中作乐跟随音乐一起跳舞时，泪如决堤。为中国人民的吃苦耐劳，乐观积极感动。谢谢为武汉奋斗过的医护人员，也谢谢大家自己。(为也子演的小妈妈表示有点小惊喜。)
森林土橘猫,力荐,2021-07-09,33,看了零点场，很好哭
HikaLin,力荐,2021-07-09,34,还不错，一向皮的要死的老弟止不住泪。
Steven,力荐,2021-07-06,39,中国医护人员伟大！致敬！
维生素C,推荐,2021-07-08,54,@大光明电影院 主创见面会 就如袁泉所说的：这部影片的意义，已经超出了电影本身。参考纪录片《武汉日夜》的真实事件比较多，影片很真实、很客观、很感人。
Desolée ぁ,力荐,2021-07-12,11,五星为中国医生而打，现实比电影还要残酷。每一条生命的背后都是一个家庭，谢谢你们为武汉拼过命，去年是你们守住了国家最重要的一道防线。今年再看去年，抬眼望全球，还有那么多国家仍然处在水深火热之中，感谢党的科学决策，感谢武汉人民的付出，感谢全国人民的积极配合。PS：袁泉和子枫妹妹的泪流到了我的心里。
Mr_机智的王,推荐,2021-07-06,37,全片以小见大的方式展现了在疫情期间医护工作者不辞辛劳，舍小家为大家，时刻坚守在自己的工作岗位上为疫情胜利奉献出自己的力量，展现出了家国情怀和伟大的集体主义.张涵予和朱亚文演的真棒！
童甄,推荐,2021-07-09,27,夜里去看的首映，比预期的好看很多，没有过分的煽情，平淡而真实的故事，不做太多的修饰美化，感动于那些真实与平凡，不是因为我泪点太低，而是感动于那些在大难面前敢于直面的向前的医生们，你们辛苦啦。随然还有些许的主旋律，但作为医生的伟大永远都不希望被辜负。
东里半梅,还行,2021-07-18,19,叙事逻辑混乱，说电影不是电影说纪录片不是纪录片
Nemophilist,力荐,2021-07-12,7,觉得医护人员很是不容易，展现了一个个小家的悲欢离合，但一旦民心凝聚，可以创造很多奇迹，经历过苦难的民族和他的人民必能走得更远。我所不知道的艰难还有很多。
清梦,还行,2021-07-22,4,电影确实拍的过于模式和套路了，说几个印象深的场景吧。是好演员的共情力让这部电影有了点色彩。一直都周也无感，甚至有点脸盲，这部电影让我记住她并且发现了她的美。欧豪的演技我一直低估了，他原来演绎角色这么自然。还有子枫妹妹那一个镜头，直接把我感动哭了。
贪吃的米其林,2021-07-09 11:03:50,2021-07-09,20,很喜欢，这是真正的中国医生
FourQuartets,力荐,2021-07-07,26,当世界停摆，当未知降临，当前路不明，只有你们在奔走。复刻Covid—19的纪实性电影，可以说完全没有在煽情，而是那时候的生活写照本身太有压迫性了。隔着屏幕，深刻感受到了什么叫“英雄的城市，伟大的医护，最好的人民”。世界需要看到，也需要记录。
草莓夹心小饼干,力荐,2021-07-13,12,五分给那段不易的时光还有所有医务人员
只想摊着,力荐,2021-07-09,24,致敬 感动
Nanyukiiiii-,力荐,2021-07-09,35,节奏紧凑 道具过关 演技在线 剧情完整                  仿佛一下又回到了去年疫情期间 全程泪点但没有刻意煽情 😢😢😢好看👍
你吃小西瓜嘛🍉,力荐,2021-07-09,30,看完心里有一股空落感，因为自己也是湖北人，疫情的情况只会比电影更残酷，但是拍的真的还挺不错，特别张子枫那一段，还没有开始讲话我就绷不住，直接开始掉眼泪。
贪吃的悲伤鬼,力荐,2021-07-09,24,太真实了，太好哭了
鞍山小麻薯,力荐,2021-07-09,31,太感动了，武汉人民真的很伟大，有时间要去武汉看看！
Diana,力荐,2021-07-09,21,真实最动人，导演在戏剧性情节的处理上比较突兀，这种纪录式电影的煽情应该更收敛点
野原小仙女,力荐,2021-07-09,25,7号看的首映，刘伟强导演拍出了无间道节奏感，情绪一直跟随镜头跌宕起伏，很戳泪点，疫情总会过去，我们也要回归正常的生活，感谢为这场疫情付出的所有人，袁泉、张涵予及朱亚文演的真不错，后两者一个湖北口音，一个港普说的很溜，PS一定要看到最后的最后，有惊喜
软萌子,推荐,2021-07-09,15,含着泪看完，袁泉大银幕女主脸！！
江湖游客,推荐,2021-07-09,17,"
全片以小见大的方式展现了在疫情期间医护工作者不辞辛劳，舍小家为大家，时刻坚守在自己的工作岗位上为疫情胜利奉献出自己的力量，展现出了家国情怀和伟大的集体主义.张涵予和朱亚文演的真棒！"
二十七,还行,2021-07-09,45,平凡铸就伟大，英雄来自人民。
逐南,力荐,2021-07-09,22,涵予哥很催泪，老戏骨了，还原武汉真实抗疫，真情实露
松岛栗子,力荐,2021-07-09,16,多带点纸巾 带了四张反复用都碎成渣了。袁泉老师真的太美了，欧豪部分戏有一点点尬。
猪是就你读着倒,还行,2021-07-22,10,感触颇深，但主旋律为何越来越不像电影？
-放羊羔,推荐,2021-07-13,3,现在所有的安心跟放肆，都是失败跟死亡换来的。
是白桃啊~,推荐,2021-07-09,11,真是太好哭了，想到2020年初的武汉，感觉一切都像梦一样却又是真实存在的。欧豪的角色戏份不多但是还蛮出彩的，金仔的家庭真的是被医生救回来的！尤其后面确诊时的不知所措，还有在方舱医院怕媳妇儿发现他偷偷接单生气不肯吃饭，太可爱了！最后和他媳妇儿一起抢救的平行剪辑太带感太好哭了，经历了疫情金仔也会成为一个成熟稳重有担当的爸爸。
此心不减,还行,2021-07-09,17,还是挺感动的，让我印象深刻的是那句出自父母都去世的孩子的话。感谢奉献的白衣天使，感谢疫情中暖心的帮助。进步都是在失败中建立起来的。
屋檐下的猫,力荐,2021-07-09,38,很感动，拍的很好！
jing_est,推荐,2021-07-08,16,有幸看了提前场的中国医生，又把我带回了那一年武汉突发新冠的时候。金银潭医院收治了很多新冠病人，还有来自广东上海的援鄂医疗团。那段日子是白衣天使们守护着我们。感谢那些一直坚守在第一线的医护们。
蒽宇,推荐,2021-07-09,6,各位演员的演技是不错的，但是整部电影的剪辑稍乱，拉低了电影的质感。
Hallucely,推荐,2021-07-04,16,"武汉首映礼。
首先很感动请到了张院长和张继先主任 让这部电影变得更有意义了
其次  电影按时间顺序带着观众又速览了一遍整个疫情狙击战
最后就想说 作为武汉人觉得电影中间还算是较为完整的反映了当时的情况，现在想起来那段日子还是很后怕很慌张 那种感觉可能没有亲身经历过很难感受到的
总之经历过那段时间的大家都是不容易的 医生真的很伟大"
薛定諤の鏟屎官,还行,2021-07-07,22,感谢医务人员的付出~
Billie,推荐,2021-07-10,11,中国机长原班人马，向我们重现了2019年新冠疫情爆发的武汉，非常感人，在很多未知年前，大家齐心协力，克服重重困难，战胜病魔，挽救了很多生命！观影期间要自备纸巾。
看不到水怪,力荐,2021-07-09,22,看过之后出门坐地铁，恍惚间以为自己处在2020年1月份。中国伟大，医生伟大，武汉伟大。每一个众志成城的时刻都在打动我，从一开始动员就开始哭(இдஇ;)
印驥,推荐,2021-07-07,28,看了点映。虽然电影前期情绪推得有点高导致后面太饱满，但是真实故事改编的内容，依然可以看到医生的伟大、人民的伟大，子枫妹妹的小桥段让我最终没有绷住。
Monica,推荐,2021-07-10,14,今天白天去影院看的，可能是中午11：50的场，所以观看的人不多，其实对这种剧情电影我一向是不评价的，我突然评价的原因是：是否把陶医生刻画成别一个人了，我广东人没有斩份熟食拿着个鹅腿边行边食的习惯，我观看时就吐槽了，应该说在场观看的人都出声了，陈亚文在里面有时演员表情和动作有点浮夸和表演痕迹过重，抛开这点我为文医生和张院长的扮演员折服了，去年的疫情全国人民都身有感受，英雄城市武汉经历了太多太多，真的太多～到今年疫情在国内外还未平息，世界加油吧，同时感恩感谢祖国。
Mr涛先生,力荐,2021-07-09,86,张子枫的一句话，泪崩。
舍不得睡觉的猫,还行,2021-07-22,6,影片有些流水账的感觉，现实依然感动！张子枫好厉害！袁泉YYDS！
天才不讲基本法,力荐,2021-07-07,39,看了上海点映，狠狠被触动到了，拍的很真实，插管啊呕血啊剖宫产啊，虽然我不是学医的，但深深震撼到了，我妈也在孩子被抱出的那一刻不忍去看，她说太真实了…感谢去年那段困难时间医护人员和所有坚持在前线工作的人，正是因为有了他们，才有了现在能适当脱下口罩的生活。最后说一下各位老师们真的敬业辛苦，张涵予老师从楼梯上摔下来的那段一定很痛吧！谢谢老师们的精彩演绎呈现给大家抗疫精神！ps：朱亚文的陶医生角色也很有意思，说着拽拽的广普，严肃对待工作，苛刻指导小羊，能让观众为他插管拔管的拼劲鼓掌，也能用扑街仔让全场大笑起来，是所有压抑情绪的缓冲剂。
墟里烟,推荐,2021-07-22,2,"人都是好了伤疤忘了疼，这部电影前半部分又把我们带到了疫情刚开始时人们混乱的样子，真的是太凶险，太恐怖了，那些逆流而上的医生和勇士真的是太伟大了，应该给医生们建立一个类似于军功章的制度，给他们好好记上一功，看哭了好多次，真的太不容易了，时间过去快一年半了，不知道那个张院长的渐冻症现在怎么样了。真的是一部好片子，演员演的都太情真意挚了，不过朱亚文把一个广东医生演的那么血气方刚，浑身充满荷尔蒙也是很难得了。
但是我们能这么快控制住疫情，不仅仅有医生的努力付出，还有社会各界的倾情奉献，全国各省的联动，甚至每个村每个小区的坚守，还有制造大国的工业底蕴，片中只展示了结果（各种紧缺物资快速补充到位），但是没有展现出过程，时间拉长到现在，一省救一国，疫苗的研发饰演再到快速接种，脸面有太多的故事可以书写了。。"
可乐,力荐,2021-07-06,28,有幸参加了北京场的首映，电影很好看，中间被感动到落泪，袁泉演技好棒！
快乐小逗逗,力荐,2021-07-07,25,一部以武汉抗疫最艰难时期医院医生真实事件 改变的电影故事。用电影艺术的形式真实的展现了全国各地医生支援武汉抗疫第一线勇士们的英雄事迹。张涵予等几位演员在里面表现的也很到位，电影整个过程让观众充满了震撼与感动。有这样的中国医生， 有这样的中国人民。相信我们最后定能取得抗疫战争的彻底胜利。
ID,推荐,2021-07-07,16,医院发的电影票看了首映！喜欢袁泉，很有感染力，但觉得电影里最震撼的还是真实新闻录像
潜溪,力荐,2021-07-06,35,应该是国内主旋律的巅峰了
东风靳吹,力荐,2021-07-07,23,有了真实的故事才是最能打动我们的，每一个画面，每一个人物，每一场景，都是我们熟悉的，也是最能共情的，高度还原当年的抗疫瞬间，看到了许多我们曾经在新闻里看见的人物，不禁感慨万千，每一句台词都真实的反应了当年的情形，直戳我们内心，眼泪不由自主的掉下来，向曾经奋战在抗疫一线的英雄们致敬，你们曾经为武汉拼过命!
冬泥儿,推荐,2021-07-06,14,新冠疫情过去一年多了，再次回望依然惊心。在本该阖家团圆的时候，一令封城，全民开始了对抗病毒的斗争，在病毒面前，没有谁比谁特殊和高贵，生命面前，什么都是分外的渺小。而在这场战役中，生命至上，是唯一原则，最感动的一句话就是文婷在回答金仔询问住院费用的时候的话：“你老婆治病的钱和生孩子的钱，国家包了！”只有国家足够有底气，才有这样的承诺和担当，我为生在种花家自豪！致敬所有的医护人员！
Althea_,推荐,2021-07-06,10,武汉，本就是一座最英雄的城市，2020，全民抗疫，我们，赢了！影片里最戳人的恰恰是最细节的处理，谢谢用影像再一次带我们深深记忆了那段记忆的人们
小土狗看星星,力荐,2021-07-08,33,日子虽然过下去了，但是少了很多人。（袁泉一哭谁他妈忍得住眼泪啊）
施华吾克,推荐,2021-07-06,12,适合中国人看的电影吧，虽然是讲医生，但其实是讲事件，没有描绘的很细节，真实的故事应该比电影更感动。算讲大环境的电影吧。袁泉的武汉话比张涵予的湖南口音武汉话标准。整体的电影还是会感触到大家，因为我们所有人都经历过
吃藕小丫,推荐,2021-07-15,3,看的时候想到了王源的那首歌，这世上没有真正的感同身受，我们无法真正体会当时患者面临死亡的感受，也无法真正体会奋战在一线的医生那种看不到结果的感受！中场新生儿的出生代表着希望，是那种众志成城，任何困难都无法磨灭的希望，电影的另一层我看到了在治病救人的同时人文关怀也是无比的重要，我们都是在这浩瀚宇宙中如蝼蚁般带着坚定信仰活下去的人，最后希望生活中医患之间能相互理解！
鹤府康城,力荐,2021-07-06,26,今天观看了《中国医生》首映礼，提前观看了影片全貌，虽然2021年还有6个月才结束，但是我强烈推荐看到这条评论的每一个人都能走进电影院，它可能不是最绚丽的电影、最大制作的电影，但一定是最能打动你某一根心弦的电影；虽然距离武汉封城已经过去530多天，但是回想起那一段日子，远在千里之外的我们躲在房间内抗疫，平日熙来攘往的大街商场空无一人，如今回过头来透过影片在来看武汉各个医院的争分夺秒，依然紧张难受心潮不能平静。向奋斗在疫情前线的医务工作者们致敬，历史、责任和使命感使你们用身躯和生命，筑起了抗疫的长城，守护着我们。
AKOfish,力荐,2021-07-09,23,伟大的国家！伟大的人民！眼泪总是止不住……
哇,力荐,2021-07-06,25,首映礼。口罩都湿了。
amie-Y,推荐,2021-07-07,10,"把镜头聚焦金银潭，群像加一线医务人员的刻画鲜活。影片的戏剧张力在与病毒短兵相接的时刻如何坚守，在理智与情感间如何与死亡抗争。。。院长张定宇（张涵予饰演）轻轻一句“我的生命在倒计时，（新生儿）的人生才刚刚开始”，接其身患渐冻症的实情，凝聚了所有医护为生的希望而战的动力源泉。。。袁泉所饰的主任如是说，疫情总会过去，生活还要继续！

0707大光明点映+映后主创互动"
明月何时照哥谭,还行,2021-07-08,1,这样单薄且充斥着解释性台词的文本，最后能够落实成这样，实属不易，前2/3真的非常有压迫感，从正片开始的第一瞬就拉着观众入戏，让观众体会到“战场”是多么的残酷，英雄也因此而伟大，后1/3可以说画风突转，上价值和煽情都非常直给，但是还是有很多地方忍不住眼泪，总的来说放低要求，值得一看
井仔,力荐,2021-07-09,18,你们值得，你们也值得
小地,力荐,2021-07-09,44,感谢中国，中国伟大，中国人民最棒
iu十年老粉,力荐,2021-07-09,24,正式告别2020。
嗯好行没问题,推荐,2021-07-09,17,后半部分叙事好乱…… 某条线我一直都在玩手机…更喜欢里面夹的一些真实片段 整体还可以 大场面调度挺不错滴 演技都在线 小羊医生好可爱啊 成长迅速又可怜巴巴的呜呜 🥺🥺🥺宝贝贴贴
wuli粥粥,力荐,2021-07-10,32,很真实，很感动！把抗击疫情中，最真实的人性拍了出来！致敬武汉抗击疫情中伟大的医疗工作者们！
羽墨,力荐,2021-07-09,23,泪点很高的我，哭湿了一张纸。真实自有万钧之力。谁能想到，疫情才过去一年呢，好像过了很久了。疫情或多或少在我身上留下了点什么，想去做更多有意义的事。电影里的个例背后，是很多很多的相似和更深的悲伤，或者是更严重的后果。很多很多人没等到第二年的春天。索性一切都过去了，感谢所有为我们拼过命的医生护士警察和其他工作人员，谢谢
LEE～,力荐,2021-07-27,2,【190/166】感觉很棒的一部七一献礼片，《中国机长》几乎原班人马再度出演《中国医生》，其中也不乏很多的大咖友情出演。展现的是国之强大、展现的是医者仁心、展现的是中国速度……我们不仅得感谢生逢盛世，更得去感谢党的正确领导以及医之大者为国为民的那份担当……🙏🙏🙏
Moon,还行,2021-07-13,1,和儿子一起看。我们总要不断面对十字路口，这时就需要正确的方向和坚定的信念。
苏烨也,力荐,2021-07-08,21,有幸和华西医院的医生包场看了一场电影，也许只是看电影的人里面就有驰援武汉的医护人员。看着曾经经历过的一幕幕，想着去年去武汉看疫情后的英雄城，熟悉的画面，熟悉的故事。那么多故事可以写，导演抓住了几个传承、新生、奋进的点子，还是很讨巧的。若不是旁边有个吵吵闹闹的小孩，观影体验会更好！
小羊长大了🍒,力荐,2021-07-10,27,记忆被拉回那个慌乱的春节，在电影里，直面了英雄的中国医生和英雄之城武汉的不易与伟大！这其中的艰辛，奉献，勇气，抉择，永远的失去，再次的获得，都值得我们了解，铭记，感念！ 小羊医生进步很大噢！钟南山院士的烧鹅好吃吗？😋 
月鱼,推荐,2021-08-03,1,"小卖部老板的去世
小枫失去爸爸妈妈
还有金仔的回忆
都挺难受的

不过我完全看不了任何抢救场景
捂眼捂的我好累 唉

希望疫情不要再反复了 求求了

子枫好棒！
还有周也 哈哈哈
小羊也很可爱"
拥桑,推荐,2021-07-09,4,某种程度是对疫情生活的一个梗概或者一角，通过一个切口层层堆叠展现出一副现实的画面。有条不紊的医护人员，医院里的生离死别，永不停歇的救护车警鸣声和监护仪器的声音，是你们挺身而出，奋不顾身，才有了这样的我们。
一個小春福🐈,力荐,2021-07-11,7,这段经历是我们这代人共同的记忆，所谓一切历史都是当代史，而我们处在当下其实并不能感受到历史脉搏的。一代人一代人的青春，锻炼一代人也成就着一代人。现在通过影片短暂的回顾最初的时刻，才猛然发现，“哦，这不就是我们正在经历并创造着的生活嘛！”若干年后的人在书上看到我们的经历，他们会为我们的努力肃然起敬的。毋庸说影片质量、故事编排什么的不是傻就是坏。因为事情本身既非杜撰也非假设，而是活着的和死去人共同经历的事情。所以在审视“历史”的时候，不要站在所谓的“戏”上去做恶意的揣度。
小洋葱,还行,2021-07-09,29,看的首映，电影开始前听医生和志愿者代表发言已经感觉鼻子酸酸的，电影中最触泪点的是妹妹说“没有爸爸妈妈的孩子该怎么办”的时候。去年疫情的时候，每天新闻里的人和事都让我在家里抹泪，但是电影让我感觉有些失望，好多地方感觉是为了煽情而煽情，甚至感觉到一些尴尬…一些画面也切得很突然，bgm也让我有些出戏。
你猜。,力荐,2021-07-09,27,哪有什么岁月静好，只不过是有人替你负重前行。🇨🇳
孤独万岁我对,力荐,2021-07-09,26,看一看中国的疫情
眼有星海心有光,力荐,2021-07-09,17,"就是有《中国机长》集体换职业的错觉。题材感人，但估计很多亲身经历过的人，都不太敢看，回忆太苦了！
疫情题材电影，观看前请准备好纸巾！"
웨이이,还行,2021-07-26,1,故事动容，演员出色。但剧情+剪辑+配乐，很宣传片？（敢不敢看下韩国的《流感》？）
我不是江湖骗子,还行,2021-07-27,0,光靠演技是撑不起一部电影的，在这种需要点面结合的题材里更是如此
小周本人（JAY,力荐,2021-07-09,34,感觉还不错，没有很煽情
藤条,推荐,2021-07-25,2,有感动，演员也表现也很好，可以给3.5星的作品。虽然没有突出的体，但或者这就是导演希望的效果，只有观众看起来不够爽而已
小姑凉,还行,2021-07-09,14,整体观感还行
听音,推荐,2021-07-07,6,拍得还不错，很真实，一边哭一边回忆起疫情期间，只想感谢党，感谢伟大的中国医护人员，伟大的中国人民。。
IRIE_KOTOMI,力荐,2021-07-09,15,“集中力量办大事”彰显中国社会主义制度巨大优越性
OVERDOSE,推荐,2021-07-09,13,张涵予的台词是最大的惊喜，袁泉的气质依旧，一些细节还原的很到位，致敬中国医生！
blackJack,力荐,2021-07-09,11,我记得最早的时候好像没有人带眼罩、然后感染了一个医生才有眼罩的。
枕边书,力荐,2021-07-09,29,"特别好！感谢中国医生，感谢武汉人民！观影途中几度落泪，新生命诞生的时候，老张去世的时候，小枫失去父母问怎么活的时候，张院长脆弱流泪的时候……
医生也是人，他们是父亲，是母亲，是儿子，是女儿，感谢他们付出的一切！也希望以后的日子里大家能够善待我们的白衣天使！
阴霾已经过去，阳光照进生活，我将永远铭记为了我们幸福生活付出的各位！"
Leave,还行,2021-07-24,0,总是有这样那样的杠精在豆瓣出现。习以为常。总之，观众的眼泪是真的，袁泉的演技是棒的。p.s.欧豪跟周也有点配？
齐天大圣美猴王,推荐,2021-07-14,10,看哭了，这已经不是电影了，完全是写实啊纪录片啊，共情了，中国了不起，我们会越来越强大的。
红尘一梦,力荐,2021-07-09,27,态感人了，勇敢面对责任和恐惧！
米,还行,2021-07-13,7,集体主义和利他精神，是中国人的传统精神。
起风啦,力荐,2021-07-09,18,五星是给2020年春天，为武汉，为疫情付出的医护人员们！永远记得英雄的武汉和英雄的医护人员，志愿者们！没有一个春天不会到来，但是有些人却永远地留在了2020的春天！愿山河无恙，人民安康！                                                            单就电影来说，可能只有三星，可能是我目前看的抗疫片来说最让人没有流泪的……
哈迪斯,推荐,2021-07-09,11,整体比较不错，前半段很有索德伯格的电影《传染病》的感觉，后半段支线过多，感觉略散了，张涵予，袁泉表演真的好，四字弟弟表现可以，张子枫客串惊喜
陌小小_,推荐,2021-07-20,5,就，昂…好吧…讲真，就是中规中矩，艺术来源于生活，却没有高于生活。
sillage,较差,2021-07-26,7,和电视剧差远了啊，太官方太套路了，只停留在了表面而已，也没有体现疫情的紧张感和医生护士为了人民无私奉献的那种深入人心的感觉……
历历万乡,力荐,2021-07-09,12,一直一直在掉泪。
白鼻猫,较差,2021-07-27,3,化妆满分，作为电影不行
-心字已成灰,推荐,2021-07-10,15,在疫情面前，那一刻的无力感，真的要承受很多，爱与责任，生命为代价
江湖骗子,还行,2021-07-09,1,方舱医院里火红的萨日朗让我最想流泪
子猷,推荐,2021-07-09,4,致敬所有抗疫英雄！就电影来说的话，有些点没到就止了，有些点过于铺开
远上寒山,力荐,2021-07-09,21,致敬中国医生！
